{"cameraMode":{"drawMode":0,"name":"Shaded","section":"Shading Mode"},"sceneLighting":true,"audioPlay":false,"sceneViewState":{"m_AlwaysRefresh":false,"showFog":true,"showSkybox":true,"showFlares":true,"showImageEffects":true,"showParticleSystems":true,"showVisualEffectGraphs":true,"m_FxEnabled":true},"in2DMode":false,"pivot":{"x":2.4268174171447756,"y":1.2694907188415528,"z":-1.5225114822387696},"rotation":{"x":0.007150769233703613,"y":-0.11434640735387802,"z":0.0008230123203247786,"w":0.993415117263794},"size":3.3217060565948488,"orthographic":false}